Position,Sequence,Frame 1,Frame 2,Frame 3,RNA-Seq
1,A,0,0,0,0
2,G,0,0,0,0
3,C,0,0,0,0
4,T,0,0,0,0
5,C,0,0,0,0
6,T,0,0,0,0
7,C,0,0,0,0
8,G,0,0,0,0
9,C,0,0,0,0
10,A,0,0,0,0
11,G,0,0,0,0
12,G,0,0,0,0
13,C,0,0,0,0
14,C,0,0,0,0
15,A,0,0,0,0
16,A,0,0,0,0
17,T,0,0,0,0
18,A,0,0,0,0
19,A,0,0,0,0
20,C,0,0,0,0
21,G,0,0,0,0
22,A,0,0,0,0
23,C,0,0,0,0
24,A,0,0,0,0
25,G,0,0,0,0
26,G,0,0,0,0
27,A,0,0,0,0
28,C,0,0,0,0
29,G,0,0,0,0
30,G,0,0,0,0
31,G,0,0,0,0
32,C,0,0,0,0
33,C,0,0,0,0
34,G,0,0,0,0
35,C,0,0,0,0
36,C,0,0,0,0
37,T,0,0,0,0
38,G,0,0,0,0
39,G,0,0,0,0
40,C,0,0,0,0
41,C,0,0,0,0
42,C,0,0,0,0
43,A,0,0,0,0
44,C,0,0,0,0
45,C,0,0,0,0
46,C,0,0,0,0
47,G,0,0,0,0
48,G,0,0,0,0
49,C,2,0,0,0
50,T,0,0,0,0
51,C,0,0,0,0
52,C,0,0,0,0
53,A,0,1,0,0
54,C,0,0,0,0
55,C,0,0,0,0
56,C,0,1,0,0
57,C,0,0,1,0
58,C,0,0,0,0
59,A,0,0,0,0
60,A,0,0,1,0
61,G,0,0,0,0
62,C,0,0,0,0
63,C,0,0,0,0
64,A,0,0,0,0
65,G,0,0,0,0
66,G,0,0,0,0
67,C,0,0,0,0
68,G,0,1,0,0
69,A,0,0,0,0
70,G,0,0,0,0
71,G,0,0,0,0
72,C,0,0,4,0
73,A,0,0,0,0
74,G,0,0,0,0
75,G,0,0,0,0
76,T,2,0,0,0
77,T,0,0,0,0
78,C,0,0,2,0
79,C,2,0,0,0
80,G,0,1,0,0
81,A,0,0,0,0
82,G,0,0,0,0
83,G,0,1,0,0
84,T,0,0,0,0
85,T,6,0,0,0
86,G,0,44,0,0
87,G,0,0,251,0
88,A,24,0,0,0
89,A,0,8,0,0
90,C,0,0,34,0
91,A,3,0,0,0
92,C,0,7,0,0
93,C,0,0,8,0
94,T,27,0,0,0
95,G,0,89,0,0
96,G,0,0,271,0
97,C,17,0,0,0
98,G,0,22,0,0
99,A,0,0,59,0
100,G,19,0,0,0
101,T,0,43,0,0
102,C,0,0,2,0
103,C,1,0,0,0
104,T,0,7,0,0
105,C,0,0,25,0
106,G,7,0,0,0
107,G,0,2,0,0
108,T,0,0,41,0
109,G,16,0,0,0
110,T,0,32,0,0
111,C,0,0,18,0
112,G,6,0,0,0
113,G,0,9,0,0
114,T,0,0,6,0
115,G,15,0,0,0
116,G,0,49,0,0
117,C,0,0,6,0
118,C,4,0,0,0
119,G,0,26,0,0
120,G,0,0,16,0
121,C,4,0,0,0
122,A,0,19,0,0
123,G,0,0,9,0
124,T,2,0,0,0
125,C,0,36,0,0
126,A,0,0,5,0
127,T,20,0,0,0
128,C,0,543,0,0
129,T,0,0,486,0
130,C,17,0,0,0
131,G,0,19,0,0
132,C,0,0,90,0
133,G,0,0,0,0
134,G,0,12,0,0
135,C,0,0,47,0
136,C,5,0,0,0
137,G,0,17,0,0
138,T,0,0,203,0
139,T,26,0,0,0
140,C,0,13,0,0
141,A,0,0,37,0
142,G,4,0,0,0
143,A,0,33,0,0
144,A,0,0,14,0
145,T,5,0,0,0
146,T,0,49,0,0
147,A,0,0,120,0
148,T,14,0,0,0
149,A,0,15,0,0
150,A,0,0,171,0
151,G,22,0,0,0
152,G,0,14,0,0
153,C,0,0,137,0
154,T,12,0,0,0
155,G,0,34,0,0
156,T,0,0,287,0
157,C,28,0,0,0
158,T,0,20,0,0
159,G,0,0,151,0
160,C,71,0,0,0
161,A,0,38,0,0
162,G,0,0,207,0
163,A,51,0,0,0
164,G,0,72,0,0
165,A,0,0,162,0
166,T,12,0,0,0
167,T,0,27,0,0
168,T,0,0,185,0
169,G,22,0,0,0
170,A,0,11,0,0
171,A,0,0,2,0
172,A,7,0,0,0
173,A,0,27,0,0
174,A,0,0,19,0
175,T,10,0,0,0
176,G,0,317,0,0
177,G,0,0,1890,0
178,C,141,0,0,0
179,A,0,67,0,0
180,A,0,0,261,0
181,C,56,0,0,0
182,A,0,102,0,0
183,A,0,0,94,0
184,A,7,0,0,0
185,T,0,99,0,0
186,G,0,0,324,0
187,A,50,0,0,0
188,A,0,13,0,0
189,A,0,0,97,0
190,G,6,0,0,0
191,T,0,34,0,0
192,G,0,0,101,0
193,T,15,0,0,0
194,C,0,23,0,0
195,A,0,0,136,0
196,G,28,0,0,0
197,C,0,47,0,0
198,A,0,0,63,0
199,T,26,0,0,0
200,C,0,36,0,0
201,T,0,0,74,0
202,T,4,0,0,0
203,T,0,12,0,0
204,A,0,0,77,0
205,G,8,0,0,0
206,T,0,30,0,0
207,T,0,0,155,0
208,C,23,0,0,0
209,A,0,14,0,0
210,G,0,0,202,0
211,C,9,0,0,0
212,A,0,25,0,0
213,T,0,0,282,0
214,C,35,0,0,0
215,C,0,48,0,0
216,T,0,0,15,0
217,T,10,0,0,0
218,G,0,10,0,0
219,G,0,0,48,0
220,C,15,0,0,0
221,T,0,13,0,0
222,G,0,0,77,0
223,T,7,0,0,0
224,G,0,52,0,0
225,G,0,0,116,0
226,A,9,0,0,0
227,A,0,9,0,0
228,T,0,0,82,0
229,A,15,0,0,0
230,T,0,49,0,0
231,G,0,0,155,0
232,T,51,0,0,0
233,A,0,26,0,0
234,G,0,0,55,0
235,A,12,0,0,0
236,T,0,101,0,0
237,T,0,0,233,0
238,C,7,0,0,0
239,A,0,11,0,0
240,C,0,0,36,0
241,T,3,0,0,0
242,T,0,24,0,0
243,T,0,0,27,0
244,T,3,0,0,0
245,A,0,27,0,0
246,C,0,0,16,0
247,C,12,0,0,0
248,T,0,45,0,0
249,G,0,0,66,0
250,A,57,0,0,0
251,G,0,208,0,0
252,A,0,0,117,0
253,A,44,0,0,0
254,T,0,25,0,0
255,C,0,0,84,0
256,C,19,0,0,0
257,T,0,72,0,0
258,C,0,0,89,0
259,T,10,0,0,0
260,G,0,18,0,0
261,C,0,0,47,0
262,A,12,0,0,0
263,A,0,52,0,0
264,G,0,0,140,0
265,A,21,0,0,0
266,A,0,60,0,0
267,C,0,0,125,0
268,C,24,0,0,0
269,A,0,65,0,0
270,T,0,0,319,0
271,T,43,0,0,0
272,T,0,21,0,0
273,A,0,0,56,0
274,A,16,0,0,0
275,A,0,18,0,0
276,A,0,0,58,0
277,A,5,0,0,0
278,T,0,34,0,0
279,G,0,0,76,0
280,C,30,0,0,0
281,T,0,20,0,0
282,T,0,0,176,0
283,G,58,0,0,0
284,G,0,92,0,0
285,A,0,0,166,0
286,A,21,0,0,0
287,C,0,20,0,0
288,T,0,0,110,0
289,A,13,0,0,0
290,T,0,112,0,0
291,A,0,0,93,0
292,T,7,0,0,0
293,G,0,14,0,0
294,T,0,0,25,0
295,T,4,0,0,0
296,G,0,26,0,0
297,A,0,0,50,0
298,A,10,0,0,0
299,T,0,21,0,0
300,A,0,0,129,0
301,A,11,0,0,0
302,T,0,15,0,0
303,T,0,0,60,0
304,A,13,0,0,0
305,T,0,28,0,0
306,A,0,0,111,0
307,C,21,0,0,0
308,A,0,61,0,0
309,A,0,0,318,0
310,A,23,0,0,0
311,G,0,9,0,0
312,T,0,0,42,0
313,T,0,0,0,0
314,C,0,18,0,0
315,C,0,0,28,0
316,A,6,0,0,0
317,G,0,54,0,0
318,A,0,0,100,0
319,T,10,0,0,0
320,T,0,40,0,0
321,G,0,0,109,0
322,C,17,0,0,0
323,A,0,11,0,0
324,A,0,0,186,0
325,C,27,0,0,0
326,A,0,33,0,0
327,T,0,0,99,0
328,G,24,0,0,0
329,G,0,74,0,0
330,G,0,0,235,0
331,G,30,0,0,0
332,A,0,35,0,0
333,T,0,0,143,0
334,C,21,0,0,0
335,C,0,61,0,0
336,C,0,0,41,0
337,T,6,0,0,0
338,T,0,19,0,0
339,A,0,0,53,0
340,T,8,0,0,0
341,A,0,23,0,0
342,G,0,0,73,0
343,T,9,0,0,0
344,T,0,21,0,0
345,C,0,0,23,0
346,A,9,0,0,0
347,T,0,20,0,0
348,G,0,0,99,0
349,A,18,0,0,0
350,A,0,10,0,0
351,G,0,0,98,0
352,C,10,0,0,0
353,C,0,24,0,0
354,C,0,0,14,0
355,T,10,0,0,0
356,T,0,9,0,0
357,T,0,0,31,0
358,A,4,0,0,0
359,T,0,13,0,0
360,T,0,0,27,0
361,T,6,0,0,0
362,C,0,12,0,0
363,T,0,0,50,0
364,T,15,0,0,0
365,A,0,6,0,0
366,T,0,0,14,0
367,T,4,0,0,0
368,C,0,3,0,0
369,T,0,0,50,0
370,G,16,0,0,0
371,T,0,13,0,0
372,T,0,0,50,0
373,T,7,0,0,0
374,A,0,22,0,0
375,C,0,0,38,0
376,C,14,0,0,0
377,T,0,11,0,0
378,G,0,0,311,0
379,G,26,0,0,0
380,A,0,31,0,0
381,T,0,0,72,0
382,T,10,0,0,0
383,T,0,21,0,0
384,T,0,0,38,0
385,T,6,0,0,0
386,A,0,25,0,0
387,T,0,0,19,0
388,T,7,0,0,0
389,T,0,1,0,0
390,C,0,0,25,0
391,A,2,0,0,0
392,A,0,9,0,0
393,T,0,0,25,0
394,T,1,0,0,0
395,T,0,15,0,0
396,A,0,0,91,0
397,T,18,0,0,0
398,A,0,24,0,0
399,C,0,0,50,0
400,C,10,0,0,0
401,T,0,9,0,0
402,T,0,0,66,0
403,A,8,0,0,0
404,T,0,14,0,0
405,A,0,0,36,0
406,T,22,0,0,0
407,G,0,18,0,0
408,A,0,0,65,0
409,A,8,0,0,0
410,A,0,47,0,0
411,A,0,0,35,0
412,A,1,0,0,0
413,A,0,5,0,0
414,T,0,0,41,0
415,A,19,0,0,0
416,C,0,46,0,0
417,A,0,0,29,0
418,A,9,0,0,0
419,A,0,28,0,0
420,A,0,0,117,0
421,T,40,0,0,0
422,T,0,19,0,0
423,C,0,0,20,0
424,A,20,0,0,0
425,A,0,41,0,0
426,A,0,0,132,0
427,A,43,0,0,0
428,G,0,43,0,0
429,G,0,0,318,0
430,A,62,0,0,0
431,T,0,182,0,0
432,A,0,0,730,0
433,A,209,0,0,0
434,G,0,83,0,0
435,C,0,0,266,0
436,C,84,0,0,0
437,A,0,23,0,0
438,G,0,0,207,0
439,A,61,0,0,0
440,G,0,48,0,0
441,A,0,0,230,0
442,C,53,0,0,0
443,A,0,44,0,0
444,T,0,0,152,0
445,G,60,0,0,0
446,G,0,1250,0,0
447,G,0,0,384,0
448,A,59,0,0,0
449,A,0,126,0,0
450,A,0,0,642,0
451,A,96,0,0,0
452,C,0,172,0,0
453,C,0,0,52,0
454,A,41,0,0,0
455,A,0,85,0,0
456,T,0,0,183,0
457,G,80,0,0,0
458,G,0,170,0,0
459,A,0,0,288,0
460,A,10,0,0,0
461,G,0,12,0,0
462,T,0,0,42,0
463,G,36,0,0,0
464,T,0,16,0,0
465,T,0,0,47,0
466,T,13,0,0,0
467,C,0,14,0,0
468,A,0,0,35,0
469,A,12,0,0,0
470,A,0,12,0,0
471,G,0,0,32,0
472,T,2,0,0,0
473,T,0,99,0,0
474,C,0,0,340,0
475,T,52,0,0,0
476,T,0,43,0,0
477,C,0,0,50,0
478,T,10,0,0,0
479,C,0,27,0,0
480,T,0,0,75,0
481,T,29,0,0,0
482,T,0,46,0,0
483,A,0,0,202,0
484,A,28,0,0,0
485,T,0,21,0,0
486,C,0,0,85,0
487,A,10,0,0,0
488,C,0,32,0,0
489,T,0,0,30,0
490,T,18,0,0,0
491,C,0,12,0,0
492,T,0,0,45,0
493,G,8,0,0,0
494,T,0,28,0,0
495,A,0,0,70,0
496,T,6,0,0,0
497,C,0,14,0,0
498,C,0,0,29,0
499,A,6,0,0,0
500,G,0,9,0,0
501,C,0,0,65,0
502,T,31,0,0,0
503,G,0,54,0,0
504,C,0,0,195,0
505,C,32,0,0,0
506,T,0,19,0,0
507,T,0,0,212,0
508,T,49,0,0,0
509,G,0,81,0,0
510,A,0,0,174,0
511,T,35,0,0,0
512,T,0,22,0,0
513,T,0,0,80,0
514,G,20,0,0,0
515,T,0,34,0,0
516,G,0,0,78,0
517,G,22,0,0,0
518,A,0,19,0,0
519,A,0,0,154,0
520,C,35,0,0,0
521,C,0,106,0,0
522,T,0,0,93,0
523,A,17,0,0,0
524,T,0,32,0,0
525,T,0,0,74,0
526,A,25,0,0,0
527,T,0,57,0,0
528,T,0,0,60,0
529,T,11,0,0,0
530,T,0,19,0,0
531,A,0,0,27,0
532,C,7,0,0,0
533,A,0,23,0,0
534,G,0,0,145,0
535,A,31,0,0,0
536,G,0,38,0,0
537,T,0,0,139,0
538,A,47,0,0,0
539,T,0,20,0,0
540,T,0,0,38,0
541,T,19,0,0,0
542,C,0,64,0,0
543,A,0,0,59,0
544,A,46,0,0,0
545,T,0,57,0,0
546,A,0,0,300,0
547,T,68,0,0,0
548,T,0,26,0,0
549,C,0,0,79,0
550,C,7,0,0,0
551,T,0,13,0,0
552,T,0,0,139,0
553,A,52,0,0,0
554,T,0,125,0,0
555,G,0,0,550,0
556,A,160,0,0,0
557,T,0,96,0,0
558,T,0,0,361,0
559,G,62,0,0,0
560,G,0,95,0,0
561,G,0,0,163,0
562,A,32,0,0,0
563,A,0,28,0,0
564,A,0,0,620,0
565,G,29,0,0,0
566,A,0,136,0,0
567,A,0,0,180,0
568,T,73,0,0,0
569,G,0,106,0,0
570,C,0,0,83,0
571,C,15,0,0,0
572,A,0,65,0,0
573,A,0,0,93,0
574,G,25,0,0,0
575,A,0,10,0,0
576,T,0,0,60,0
577,G,24,0,0,0
578,G,0,203,0,0
579,T,0,0,295,0
580,A,11,0,0,0
581,T,0,116,0,0
582,T,0,0,179,0
583,T,24,0,0,0
584,T,0,9,0,0
585,C,0,0,365,0
586,T,86,0,0,0
587,T,0,105,0,0
588,T,0,0,142,0
589,T,9,0,0,0
590,G,0,51,0,0
591,G,0,0,119,0
592,C,9,0,0,0
593,A,0,29,0,0
594,A,0,0,518,0
595,G,41,0,0,0
596,A,0,129,0,0
597,T,0,0,86,0
598,G,30,0,0,0
599,C,0,52,0,0
600,T,0,0,198,0
601,T,27,0,0,0
602,T,0,60,0,0
603,G,0,0,245,0
604,G,55,0,0,0
605,T,0,110,0,0
606,T,0,0,297,0
607,G,104,0,0,0
608,T,0,77,0,0
609,G,0,0,390,0
610,C,62,0,0,0
611,A,0,31,0,0
612,G,0,0,381,0
613,T,30,0,0,0
614,C,0,76,0,0
615,A,0,0,162,0
616,T,20,0,0,0
617,T,0,89,0,0
618,G,0,0,98,0
619,A,23,0,0,0
620,A,0,141,0,0
621,G,0,0,298,0
622,A,37,0,0,0
623,T,0,234,0,0
624,A,0,0,829,0
625,C,87,0,0,0
626,T,0,37,0,0
627,T,0,0,279,0
628,G,39,0,0,0
629,G,0,22,0,0
630,C,0,0,156,0
631,A,75,0,0,0
632,C,0,143,0,0
633,T,0,0,113,0
634,A,35,0,0,0
635,T,0,74,0,0
636,T,0,0,121,0
637,T,20,0,0,0
638,T,0,25,0,0
639,C,0,0,73,0
640,T,18,0,0,0
641,G,0,46,0,0
642,C,0,0,77,0
643,A,22,0,0,0
644,T,0,16,0,0
645,A,0,0,790,0
646,G,92,0,0,0
647,A,0,92,0,0
648,C,0,0,327,0
649,T,57,0,0,0
650,C,0,198,0,0
651,T,0,0,289,0
652,T,19,0,0,0
653,A,0,150,0,0
654,C,0,0,607,0
655,A,78,0,0,0
656,C,0,19,0,0
657,C,0,0,1115,0
658,A,53,0,0,0
659,C,0,126,0,0
660,A,0,0,166,0
661,A,24,0,0,0
662,A,0,6,0,0
663,A,0,0,73,0
664,G,32,0,0,0
665,A,0,36,0,0
666,A,0,0,256,0
667,T,50,0,0,0
668,A,0,22,0,0
669,T,0,0,180,0
670,A,31,0,0,0
671,C,0,8,0,0
672,A,0,0,128,0
673,A,31,0,0,0
674,G,0,11,0,0
675,T,0,0,240,0
676,A,18,0,0,0
677,T,0,16,0,0
678,A,0,0,206,0
679,T,4,0,0,0
680,T,0,12,0,0
681,C,0,0,80,0
682,A,32,0,0,0
683,T,0,11,0,0
684,A,0,0,141,0
685,A,36,0,0,0
686,A,0,52,0,0
687,G,0,0,200,0
688,T,36,0,0,0
689,T,0,81,0,0
690,C,0,0,164,0
691,A,33,0,0,0
692,T,0,130,0,0
693,C,0,0,106,0
694,A,26,0,0,0
695,T,0,36,0,0
696,G,0,0,391,0
697,A,119,0,0,0
698,G,0,34,0,0
699,T,0,0,75,0
700,T,21,0,0,0
701,T,0,13,0,0
702,C,0,0,45,0
703,A,13,0,0,0
704,G,0,90,0,0
705,G,0,0,350,0
706,C,69,0,0,0
707,T,0,26,0,0
708,C,0,0,453,0
709,C,77,0,0,0
710,A,0,31,0,0
711,T,0,0,48,0
712,T,28,0,0,0
713,T,0,183,0,0
714,G,0,0,378,0
715,G,51,0,0,0
716,A,0,9,0,0
717,A,0,0,49,0
718,T,8,0,0,0
719,G,0,15,0,0
720,G,0,0,36,0
721,A,42,0,0,0
722,A,0,150,0,0
723,G,0,0,4456,0
724,C,469,0,0,0
725,T,0,191,0,0
726,G,0,0,177,0
727,A,46,0,0,0
728,A,0,30,0,0
729,T,0,0,34,0
730,A,30,0,0,0
731,T,0,37,0,0
732,G,0,0,680,0
733,C,43,0,0,0
734,A,0,72,0,0
735,C,0,0,228,0
736,A,44,0,0,0
737,T,0,73,0,0
738,C,0,0,722,0
739,C,75,0,0,0
740,T,0,85,0,0
741,T,0,0,161,0
742,T,47,0,0,0
743,G,0,36,0,0
744,G,0,0,126,0
745,A,31,0,0,0
746,G,0,307,0,0
747,A,0,0,146,0
748,C,34,0,0,0
749,T,0,49,0,0
750,C,0,0,132,0
751,T,58,0,0,0
752,A,0,30,0,0
753,A,0,0,112,0
754,T,25,0,0,0
755,T,0,50,0,0
756,C,0,0,292,0
757,T,38,0,0,0
758,T,0,63,0,0
759,G,0,0,156,0
760,G,27,0,0,0
761,A,0,64,0,0
762,A,0,0,148,0
763,C,22,0,0,0
764,T,0,36,0,0
765,G,0,0,167,0
766,G,38,0,0,0
767,A,0,134,0,0
768,T,0,0,144,0
769,T,21,0,0,0
770,T,0,18,0,0
771,T,0,0,35,0
772,T,10,0,0,0
773,C,0,42,0,0
774,A,0,0,50,0
775,T,10,0,0,0
776,T,0,25,0,0
777,G,0,0,164,0
778,G,30,0,0,0
779,A,0,75,0,0
780,A,0,0,150,0
781,T,27,0,0,0
782,C,0,56,0,0
783,G,0,0,114,0
784,T,20,0,0,0
785,G,0,64,0,0
786,C,0,0,46,0
787,T,7,0,0,0
788,T,0,16,0,0
789,T,0,0,174,0
790,T,23,0,0,0
791,G,0,25,0,0
792,T,0,0,21,0
793,G,15,0,0,0
794,T,0,30,0,0
795,G,0,0,587,0
796,A,57,0,0,0
797,T,0,18,0,0
798,C,0,0,92,0
799,A,17,0,0,0
800,T,0,11,0,0
801,G,0,0,100,0
802,T,95,0,0,0
803,A,0,165,0,0
804,A,0,0,484,0
805,T,46,0,0,0
806,T,0,42,0,0
807,C,0,0,89,0
808,T,26,0,0,0
809,T,0,33,0,0
810,C,0,0,36,0
811,T,5,0,0,0
812,T,0,66,0,0
813,T,0,0,98,0
814,G,14,0,0,0
815,G,0,28,0,0
816,G,0,0,144,0
817,C,33,0,0,0
818,A,0,46,0,0
819,T,0,0,291,0
820,G,50,0,0,0
821,G,0,47,0,0
822,G,0,0,45,0
823,T,6,0,0,0
824,G,0,29,0,0
825,A,0,0,123,0
826,C,59,0,0,0
827,C,0,108,0,0
828,A,0,0,231,0
829,T,13,0,0,0
830,T,0,31,0,0
831,C,0,0,53,0
832,G,11,0,0,0
833,T,0,45,0,0
834,T,0,0,68,0
835,T,6,0,0,0
836,A,0,18,0,0
837,T,0,0,167,0
838,T,46,0,0,0
839,A,0,87,0,0
840,G,0,0,270,0
841,A,33,0,0,0
842,A,0,58,0,0
843,A,0,0,120,0
844,C,15,0,0,0
845,T,0,20,0,0
846,A,0,0,46,0
847,T,23,0,0,0
848,T,0,28,0,0
849,G,0,0,86,0
850,A,21,0,0,0
851,T,0,30,0,0
852,G,0,0,430,0
853,T,70,0,0,0
854,C,0,83,0,0
855,C,0,0,104,0
856,A,39,0,0,0
857,T,0,23,0,0
858,A,0,0,263,0
859,G,17,0,0,0
860,T,0,43,0,0
861,G,0,0,119,0
862,G,30,0,0,0
863,T,0,33,0,0
864,T,0,0,13,0
865,A,17,0,0,0
866,T,0,152,0,0
867,G,0,0,229,0
868,A,68,0,0,0
869,T,0,50,0,0
870,A,0,0,432,0
871,T,86,0,0,0
872,T,0,29,0,0
873,C,0,0,38,0
874,C,0,0,0,0
875,T,0,30,0,0
876,C,0,0,81,0
877,T,28,0,0,0
878,C,0,64,0,0
879,A,0,0,77,0
880,A,11,0,0,0
881,C,0,28,0,0
882,C,0,0,33,0
883,C,12,0,0,0
884,T,0,55,0,0
885,T,0,0,122,0
886,T,26,0,0,0
887,A,0,45,0,0
888,A,0,0,74,0
889,A,23,0,0,0
890,T,0,11,0,0
891,C,0,0,56,0
892,T,14,0,0,0
893,G,0,36,0,0
894,A,0,0,118,0
895,T,15,0,0,0
896,C,0,3,0,0
897,C,0,0,61,0
898,C,9,0,0,0
899,T,0,22,0,0
900,T,0,0,52,0
901,T,22,0,0,0
902,C,0,64,0,0
903,T,0,0,43,0
904,A,5,0,0,0
905,T,0,17,0,0
906,G,0,0,303,0
907,C,112,0,0,0
908,T,0,80,0,0
909,G,0,0,86,0
910,G,13,0,0,0
911,T,0,16,0,0
912,T,0,0,280,0
913,C,61,0,0,0
914,T,0,38,0,0
915,C,0,0,103,0
916,G,5,0,0,0
917,G,0,18,0,0
918,C,0,0,177,0
919,A,70,0,0,0
920,T,0,122,0,0
921,C,0,0,193,0
922,A,66,0,0,0
923,T,0,387,0,0
924,G,0,0,575,0
925,A,46,0,0,0
926,T,0,100,0,0
927,T,0,0,250,0
928,T,42,0,0,0
929,C,0,97,0,0
930,C,0,0,62,0
931,A,5,0,0,0
932,C,0,11,0,0
933,C,0,0,45,0
934,A,18,0,0,0
935,C,0,79,0,0
936,A,0,0,148,0
937,T,62,0,0,0
938,G,0,63,0,0
939,A,0,0,121,0
940,A,17,0,0,0
941,C,0,52,0,0
942,T,0,0,31,0
943,T,5,0,0,0
944,C,0,22,0,0
945,A,0,0,164,0
946,T,44,0,0,0
947,T,0,32,0,0
948,G,0,0,346,0
949,G,34,0,0,0
950,A,0,26,0,0
951,A,0,0,595,0
952,A,79,0,0,0
953,C,0,8,0,0
954,T,0,0,250,0
955,A,71,0,0,0
956,T,0,50,0,0
957,G,0,0,295,0
958,C,56,0,0,0
959,T,0,36,0,0
960,T,0,0,247,0
961,C,46,0,0,0
962,A,0,23,0,0
963,A,0,0,63,0
964,C,5,0,0,0
965,A,0,7,0,0
966,T,0,0,92,0
967,T,16,0,0,0
968,T,0,28,0,0
969,A,0,0,120,0
970,C,6,0,0,0
971,A,0,117,0,0
972,T,0,0,171,0
973,G,41,0,0,0
974,G,0,60,0,0
975,T,0,0,97,0
976,G,15,0,0,0
977,G,0,58,0,0
978,G,0,0,217,0
979,A,43,0,0,0
980,T,0,145,0,0
981,C,0,0,808,0
982,G,128,0,0,0
983,A,0,198,0,0
984,A,0,0,192,0
985,T,38,0,0,0
986,T,0,58,0,0
987,T,0,0,105,0
988,T,8,0,0,0
989,T,0,78,0,0
990,G,0,0,394,0
991,G,30,0,0,0
992,A,0,22,0,0
993,A,0,0,280,0
994,C,59,0,0,0
995,A,0,78,0,0
996,G,0,0,161,0
997,A,38,0,0,0
998,C,0,29,0,0
999,T,0,0,215,0
1000,C,35,0,0,0
1001,T,0,64,0,0
1002,C,0,0,51,0
1003,A,8,0,0,0
1004,G,0,22,0,0
1005,T,0,0,55,0
1006,A,34,0,0,0
1007,T,0,78,0,0
1008,A,0,0,357,0
1009,A,24,0,0,0
1010,T,0,71,0,0
1011,G,0,0,115,0
1012,C,9,0,0,0
1013,C,0,21,0,0
1014,T,0,0,150,0
1015,A,17,0,0,0
1016,T,0,20,0,0
1017,A,0,0,283,0
1018,A,30,0,0,0
1019,T,0,41,0,0
1020,G,0,0,443,0
1021,A,97,0,0,0
1022,A,0,68,0,0
1023,A,0,0,346,0
1024,A,43,0,0,0
1025,G,0,60,0,0
1026,A,0,0,78,0
1027,G,35,0,0,0
1028,G,0,20,0,0
1029,A,0,0,202,0
1030,A,29,0,0,0
1031,G,0,57,0,0
1032,A,0,0,136,0
1033,A,44,0,0,0
1034,G,0,66,0,0
1035,T,0,0,38,0
1036,T,29,0,0,0
1037,T,0,25,0,0
1038,G,0,0,227,0
1039,A,26,0,0,0
1040,G,0,150,0,0
1041,A,0,0,228,0
1042,A,8,0,0,0
1043,A,0,21,0,0
1044,A,0,0,256,0
1045,A,19,0,0,0
1046,G,0,28,0,0
1047,A,0,0,95,0
1048,C,8,0,0,0
1049,T,0,67,0,0
1050,G,0,0,167,0
1051,A,48,0,0,0
1052,A,0,116,0,0
1053,T,0,0,114,0
1054,A,29,0,0,0
1055,A,0,2,0,0
1056,A,0,0,1,0
1057,T,3,0,0,0
1058,A,0,0,0,0
1059,T,0,0,8,0
1060,C,16,0,0,0
1061,T,0,2,0,0
1062,C,0,0,0,0
1063,A,6,0,0,0
1064,C,0,0,0,0
1065,G,0,0,0,0
1066,T,13,0,0,0
1067,A,0,11,0,0
1068,A,0,0,5,0
1069,A,3,0,0,0
1070,C,0,1,0,0
1071,C,0,0,7,0
1072,T,2,0,0,0
1073,T,0,2,0,0
1074,C,0,0,2,0
1075,C,2,0,0,0
1076,T,0,1,0,0
1077,G,0,0,0,0
1078,A,1,0,0,0
1079,A,0,1,0,0
1080,A,0,0,3,0
1081,G,2,0,0,0
1082,A,0,1,0,0
1083,T,0,0,0,0
1084,A,1,0,0,0
1085,A,0,1,0,0
1086,A,0,0,0,0
1087,C,0,0,0,0
1088,G,0,2,0,0
1089,T,0,0,1,0
1090,T,0,0,0,0
1091,T,0,0,0,0
1092,T,0,0,1,0
1093,C,0,0,0,0
1094,C,0,0,0,0
1095,T,0,0,0,0
1096,G,3,0,0,0
1097,A,0,10,0,0
1098,A,0,0,0,0
1099,T,0,0,0,0
1100,T,0,1,0,0
1101,C,0,0,1,0
1102,A,0,0,0,0
1103,G,0,1,0,0
1104,A,0,0,0,0
1105,A,1,0,0,0
1106,A,0,3,0,0
1107,C,0,0,0,0
1108,T,1,0,0,0
1109,A,0,3,0,0
1110,G,0,0,0,0
1111,T,1,0,0,0
1112,A,0,6,0,0
1113,G,0,0,0,0
1114,C,2,0,0,0
1115,T,0,1,0,0
1116,A,0,0,0,0
1117,A,0,0,0,0
1118,C,0,0,0,0
1119,A,0,0,0,0
1120,T,3,0,0,0
1121,T,0,0,0,0
1122,G,0,0,5,0
1123,C,5,0,0,0
1124,T,0,0,0,0
1125,T,0,0,1,0
1126,C,1,0,0,0
1127,T,0,0,0,0
1128,G,0,0,0,0
1129,G,2,0,0,0
1130,A,0,1,0,0
1131,G,0,0,0,0
1132,A,1,0,0,0
1133,G,0,0,0,0
1134,C,0,0,0,0
1135,A,1,0,0,0
1136,G,0,0,0,0
1137,A,0,0,0,0
1138,A,3,0,0,0
1139,A,0,0,0,0
1140,T,0,0,0,0
1141,A,0,0,0,0
1142,A,0,0,0,0
1143,G,0,0,3,0
1144,C,0,0,0,0
1145,A,0,0,0,0
1146,T,0,0,0,0
1147,G,2,0,0,0
1148,T,0,21,0,0
1149,C,0,0,7,0
1150,T,0,0,0,0
1151,T,0,1,0,0
1152,C,0,0,5,0
1153,T,1,0,0,0
1154,G,0,1,0,0
1155,G,0,0,9,0
1156,C,0,0,0,0
1157,T,0,1,0,0
1158,A,0,0,2,0
1159,C,1,0,0,0
1160,T,0,4,0,0
1161,A,0,0,0,0
1162,A,0,0,0,0
1163,G,0,1,0,0
1164,T,0,0,0,0
1165,G,6,0,0,0
1166,A,0,2,0,0
1167,T,0,0,1,0
1168,A,1,0,0,0
1169,A,0,0,0,0
1170,A,0,0,0,0
1171,A,0,0,0,0
1172,A,0,0,0,0
1173,G,0,0,0,0
1174,A,0,0,0,0
1175,A,0,1,0,0
1176,C,0,0,0,0
1177,A,0,0,0,0
1178,T,0,1,0,0
1179,T,0,0,0,0
1180,A,3,0,0,0
1181,A,0,0,0,0
1182,C,0,0,0,0
1183,A,0,0,0,0
1184,A,0,1,0,0
1185,C,0,0,0,0
1186,C,1,0,0,0
1187,T,0,2,0,0
1188,T,0,0,0,0
1189,T,0,0,0,0
1190,A,0,0,0,0
1191,A,0,0,1,0
1192,T,0,0,0,0
1193,T,0,0,0,0
1194,A,0,0,1,0
1195,C,1,0,0,0
1196,C,0,2,0,0
1197,T,0,0,0,0
1198,T,1,0,0,0
1199,C,0,0,0,0
1200,C,0,0,2,0
1201,T,0,0,0,0
1202,A,0,0,0,0
1203,G,0,0,0,0
1204,T,1,0,0,0
1205,G,0,1,0,0
1206,G,0,0,3,0
1207,G,0,0,0,0
1208,A,0,1,0,0
1209,A,0,0,0,0
1210,C,0,0,0,0
1211,T,0,0,0,0
1212,T,0,0,3,0
1213,T,0,0,0,0
1214,T,0,0,0,0
1215,T,0,0,0,0
1216,C,0,0,0,0
1217,T,0,0,0,0
1218,A,0,0,0,0
1219,C,0,0,0,0
1220,T,0,1,0,0
1221,T,0,0,0,0
1222,T,0,0,0,0
1223,A,0,0,0,0
1224,C,0,0,0,0
1225,C,0,0,0,0
1226,T,0,0,0,0
1227,A,0,0,0,0
1228,C,0,0,0,0
1229,A,0,2,0,0
1230,A,0,0,1,0
1231,G,0,0,0,0
1232,T,0,0,0,0
1233,T,0,0,0,0
1234,C,0,0,0,0
1235,T,0,0,0,0
1236,A,0,0,0,0
1237,T,1,0,0,0
1238,A,0,0,0,0
1239,T,0,0,1,0
1240,A,0,0,0,0
1241,T,0,0,0,0
1242,G,0,0,0,0
1243,T,4,0,0,0
1244,A,0,4,0,0
1245,G,0,0,0,0
1246,A,0,0,0,0
1247,A,0,0,0,0
1248,A,0,0,6,0
1249,T,1,0,0,0
1250,G,0,0,0,0
1251,A,0,0,13,0
1252,A,0,0,0,0
1253,T,0,0,0,0
1254,A,0,0,6,0
1255,A,2,0,0,0
1256,A,0,1,0,0
1257,T,0,0,0,0
1258,A,0,0,0,0
1259,T,0,0,0,0
1260,A,0,0,0,0
1261,T,0,0,0,0
1262,A,0,0,0,0
1263,T,0,0,0,0
1264,T,0,0,0,0
1265,T,0,0,0,0
1266,A,0,0,0,0
1267,A,0,0,0,0
1268,G,0,0,0,0
1269,T,0,0,3,0
1270,A,1,0,0,0
1271,C,0,1,0,0
1272,A,0,0,1,0
1273,G,0,0,0,0
1274,T,0,0,0,0
1275,T,0,0,3,0
1276,T,1,0,0,0
1277,T,0,0,0,0
1278,C,0,0,5,0
1279,A,1,0,0,0
1280,T,0,4,0,0
1281,G,0,0,3,0
1282,A,4,0,0,0
1283,G,0,0,0,0
1284,G,0,0,1,0
1285,A,2,0,0,0
1286,A,0,2,0,0
1287,G,0,0,0,0
1288,T,0,0,0,0
1289,T,0,1,0,0
1290,T,0,0,3,0
1291,T,1,0,0,0
1292,A,0,0,0,0
1293,A,0,0,1,0
1294,A,0,0,0,0
1295,A,0,1,0,0
1296,G,0,0,1,0
1297,A,0,0,0,0
1298,C,0,0,0,0
1299,C,0,0,0,0
1300,A,0,0,0,0
1301,T,0,2,0,0
1302,G,0,0,3,0
1303,T,2,0,0,0
1304,T,0,0,0,0
1305,C,0,0,0,0
1306,C,1,0,0,0
1307,T,0,10,0,0
1308,A,0,0,1,0
1309,A,0,0,0,0
1310,G,0,7,0,0
1311,C,0,0,0,0
1312,T,0,0,0,0
1313,T,0,0,0,0
1314,C,0,0,0,0
1315,C,0,0,0,0
1316,A,0,0,0,0
1317,A,0,0,4,0
1318,G,0,0,0,0
1319,A,0,0,0,0
1320,A,0,0,16,0
1321,G,0,0,0,0
1322,G,0,0,0,0
1323,T,0,0,1,0
1324,T,3,0,0,0
1325,T,0,1,0,0
1326,T,0,0,1,0
1327,G,0,0,0,0
1328,G,0,0,0,0
1329,A,0,0,2,0
1330,T,0,0,0,0
1331,A,0,0,0,0
1332,C,0,0,11,0
1333,T,0,0,0,0
1334,A,0,1,0,0
1335,G,0,0,1,0
1336,A,0,0,0,0
1337,A,0,1,0,0
1338,G,0,0,1,0
1339,T,1,0,0,0
1340,A,0,0,0,0
1341,T,0,0,2,0
1342,T,0,0,0,0
1343,A,0,0,0,0
1344,A,0,0,0,0
1345,T,1,0,0,0
1346,C,0,0,0,0
1347,T,0,0,1,0
1348,A,0,0,0,0
1349,T,0,1,0,0
1350,G,0,0,0,0
1351,G,3,0,0,0
1352,C,0,1,0,0
1353,T,0,0,0,0
1354,T,3,0,0,0
1355,T,0,1,0,0
1356,T,0,0,0,0
1357,C,1,0,0,0
1358,T,0,4,0,0
1359,C,0,0,5,0
1360,C,0,0,0,0
1361,C,0,0,0,0
1362,A,0,0,4,0
1363,G,1,0,0,0
1364,T,0,0,0,0
1365,A,0,0,1,0
1366,A,1,0,0,0
1367,A,0,1,0,0
1368,A,0,0,0,0
1369,C,0,0,0,0
1370,C,0,1,0,0
1371,A,0,0,3,0
1372,T,2,0,0,0
1373,A,0,0,0,0
1374,G,0,0,1,0
1375,G,1,0,0,0
1376,C,0,0,0,0
1377,C,0,0,0,0
1378,T,0,0,0,0
1379,G,0,3,0,0
1380,A,0,0,10,0
1381,A,0,0,0,0
1382,G,0,1,0,0
1383,T,0,0,3,0
1384,T,0,0,0,0
1385,C,0,0,0,0
1386,A,0,0,0,0
1387,C,0,0,0,0
1388,A,0,0,0,0
1389,T,0,0,1,0
1390,T,0,0,0,0
1391,G,0,0,0,0
1392,G,0,0,0,0
1393,G,2,0,0,0
1394,T,0,0,0,0
1395,C,0,0,1,0
1396,T,1,0,0,0
1397,T,0,2,0,0
1398,T,0,0,2,0
1399,A,4,0,0,0
1400,A,0,2,0,0
1401,A,0,0,0,0
1402,T,0,0,0,0
1403,C,0,3,0,0
1404,T,0,0,0,0
1405,T,0,0,0,0
1406,T,0,0,0,0
1407,T,0,0,0,0
1408,A,0,0,0,0
1409,G,0,0,0,0
1410,A,0,0,0,0
1411,T,0,0,0,0
1412,A,0,0,0,0
1413,T,0,0,0,0
1414,A,0,0,0,0
1415,T,0,0,0,0
1416,A,0,0,0,0
1417,C,0,0,0,0
1418,T,0,0,0,0
1419,G,0,0,2,0
1420,G,1,0,0,0
1421,T,0,0,0,0
1422,C,0,0,2,0
1423,A,0,0,0,0
1424,T,0,0,0,0
1425,T,0,0,2,0
1426,T,1,0,0,0
1427,C,0,2,0,0
1428,A,0,0,0,0
1429,G,0,0,0,0
1430,A,0,1,0,0
1431,A,0,0,0,0
1432,A,0,0,0,0
1433,A,0,2,0,0
1434,T,0,0,0,0
1435,T,0,0,0,0
1436,C,0,0,0,0
1437,T,0,0,0,0
1438,T,2,0,0,0
1439,C,0,0,0,0
1440,A,0,0,0,0
1441,T,0,0,0,0
1442,A,0,1,0,0
1443,G,0,0,0,0
1444,T,0,0,0,0
1445,G,0,1,0,0
1446,G,0,0,0,0
1447,T,0,0,0,0
1448,A,0,0,0,0
1449,T,0,0,2,0
1450,T,4,0,0,0
1451,G,0,1,0,0
1452,G,0,0,1,0
1453,C,1,0,0,0
1454,C,0,0,0,0
1455,T,0,0,0,0
1456,T,0,0,0,0
1457,A,0,0,0,0
1458,T,0,0,0,0
1459,A,0,0,0,0
1460,T,0,0,0,0
1461,T,0,0,0,0
1462,T,0,0,0,0
1463,A,0,0,0,0
1464,A,0,0,0,0
1465,C,0,0,0,0
1466,T,0,0,0,0
1467,T,0,0,0,0
1468,T,0,0,0,0
1469,T,0,0,0,0
1470,T,0,0,0,0
1471,T,0,0,0,0
1472,T,0,1,0,0
1473,T,0,0,0,0
1474,T,0,0,0,0
1475,A,0,0,0,0
1476,T,0,0,0,0
1477,T,0,0,0,0
1478,T,0,0,0,0
1479,T,0,0,0,0
1480,T,0,0,0,0
1481,T,0,0,0,0
1482,T,0,0,0,0
1483,T,1,0,0,0
1484,T,0,0,0,0
1485,T,0,0,1,0
1486,G,0,0,0,0
1487,A,0,2,0,0
1488,G,0,0,2,0
1489,A,7,0,0,0
1490,C,0,3,0,0
1491,A,0,0,1,0
1492,A,3,0,0,0
1493,A,0,0,0,0
1494,G,0,0,3,0
1495,C,2,0,0,0
1496,C,0,0,0,0
1497,A,0,0,0,0
1498,C,2,0,0,0
1499,A,0,1,0,0
1500,C,0,0,0,0
1501,T,1,0,0,0
1502,C,0,3,0,0
1503,T,0,0,2,0
1504,G,1,0,0,0
1505,T,0,5,0,0
1506,C,0,0,0,0
1507,T,3,0,0,0
1508,C,0,0,0,0
1509,C,0,0,0,0
1510,T,0,0,0,0
1511,T,0,2,0,0
1512,G,0,0,4,0
1513,G,0,0,0,0
1514,C,0,3,0,0
1515,T,0,0,0,0
1516,G,0,0,0,0
1517,G,0,0,0,0
1518,A,0,0,2,0
1519,G,1,0,0,0
1520,T,0,0,0,0
1521,G,0,0,2,0
1522,T,0,0,0,0
1523,G,0,1,0,0
1524,G,0,0,2,0
1525,T,1,0,0,0
1526,G,0,18,0,0
1527,G,0,0,15,0
1528,C,3,0,0,0
1529,A,0,3,0,0
1530,C,0,0,3,0
1531,A,1,0,0,0
1532,G,0,2,0,0
1533,T,0,0,3,0
1534,C,1,0,0,0
1535,T,0,6,0,0
1536,C,0,0,0,0
1537,A,1,0,0,0
1538,G,0,5,0,0
1539,C,0,0,5,0
1540,T,8,0,0,0
1541,C,0,3,0,0
1542,A,0,0,2,0
1543,C,5,0,0,0
1544,T,0,5,0,0
1545,G,0,0,7,0
1546,C,1,0,0,0
1547,A,0,2,0,0
1548,A,0,0,3,0
1549,C,1,0,0,0
1550,C,0,0,0,0
1551,T,0,0,0,0
1552,C,1,0,0,0
1553,T,0,0,0,0
1554,G,0,0,2,0
1555,C,7,0,0,0
1556,C,0,4,0,0
1557,T,0,0,8,0
1558,C,0,0,0,0
1559,C,0,6,0,0
1560,C,0,0,1,0
1561,A,3,0,0,0
1562,G,0,0,0,0
1563,T,0,0,1,0
1564,T,1,0,0,0
1565,C,0,1,0,0
1566,A,0,0,0,0
1567,A,0,0,0,0
1568,G,0,0,0,0
1569,C,0,0,0,0
1570,A,1,0,0,0
1571,A,0,3,0,0
1572,T,0,0,1,0
1573,T,5,0,0,0
1574,C,0,4,0,0
1575,T,0,0,1,0
1576,T,0,0,0,0
1577,C,0,2,0,0
1578,T,0,0,2,0
1579,G,10,0,0,0
1580,C,0,4,0,0
1581,C,0,0,0,0
1582,T,10,0,0,0
1583,C,0,3,0,0
1584,A,0,0,1,0
1585,G,8,0,0,0
1586,C,0,0,0,0
1587,C,0,0,2,0
1588,T,3,0,0,0
1589,C,0,3,0,0
1590,C,0,0,3,0
1591,C,1,0,0,0
1592,A,0,1,0,0
1593,A,0,0,0,0
1594,G,1,0,0,0
1595,T,0,0,0,0
1596,A,0,0,2,0
1597,G,0,0,0,0
1598,C,0,0,0,0
1599,T,0,0,1,0
1600,G,1,0,0,0
1601,G,0,0,0,0
1602,G,0,0,2,0
1603,A,4,0,0,0
1604,T,0,1,0,0
1605,T,0,0,2,0
1606,A,3,0,0,0
1607,C,0,3,0,0
1608,A,0,0,2,0
1609,G,4,0,0,0
1610,G,0,2,0,0
1611,C,0,0,7,0
1612,A,4,0,0,0
1613,C,0,3,0,0
1614,C,0,0,8,0
1615,C,8,0,0,0
1616,G,0,5,0,0
1617,C,0,0,5,0
1618,C,5,0,0,0
1619,A,0,11,0,0
1620,C,0,0,4,0
1621,C,13,0,0,0
1622,A,0,3,0,0
1623,C,0,0,2,0
1624,G,4,0,0,0
1625,C,0,5,0,0
1626,C,0,0,1,0
1627,C,2,0,0,0
1628,A,0,8,0,0
1629,G,0,0,1,0
1630,C,4,0,0,0
1631,T,0,1,0,0
1632,A,0,0,0,0
1633,A,1,0,0,0
1634,T,0,0,0,0
1635,T,0,0,0,0
1636,T,1,0,0,0
1637,T,0,3,0,0
1638,T,0,0,2,0
1639,G,2,0,0,0
1640,T,0,4,0,0
1641,A,0,0,3,0
1642,T,0,0,0,0
1643,T,0,1,0,0
1644,T,0,0,1,0
1645,T,0,0,0,0
1646,T,0,4,0,0
1647,G,0,0,0,0
1648,T,10,0,0,0
1649,A,0,1,0,0
1650,G,0,0,1,0
1651,A,3,0,0,0
1652,G,0,3,0,0
1653,A,0,0,2,0
1654,T,2,0,0,0
1655,G,0,3,0,0
1656,G,0,0,13,0
1657,G,7,0,0,0
1658,G,0,0,0,0
1659,T,0,0,1,0
1660,T,1,0,0,0
1661,T,0,0,0,0
1662,C,0,0,2,0
1663,A,0,0,0,0
1664,C,0,1,0,0
1665,G,0,0,6,0
1666,A,1,0,0,0
1667,T,0,0,0,0
1668,G,0,0,0,0
1669,T,4,0,0,0
1670,T,0,2,0,0
1671,G,0,0,0,0
1672,G,1,0,0,0
1673,C,0,1,0,0
1674,C,0,0,0,0
1675,A,0,0,0,0
1676,G,0,0,0,0
1677,G,0,0,1,0
1678,C,1,0,0,0
1679,T,0,1,0,0
1680,G,0,0,0,0
1681,G,6,0,0,0
1682,T,0,1,0,0
1683,C,0,0,3,0
1684,T,3,0,0,0
1685,C,0,2,0,0
1686,A,0,0,0,0
1687,A,5,0,0,0
1688,A,0,2,0,0
1689,C,0,0,6,0
1690,T,6,0,0,0
1691,T,0,1,0,0
1692,C,0,0,11,0
1693,T,3,0,0,0
1694,G,0,5,0,0
1695,A,0,0,4,0
1696,C,0,0,0,0
1697,C,0,3,0,0
1698,T,0,0,0,0
1699,C,1,0,0,0
1700,A,0,0,0,0
1701,A,0,0,2,0
1702,G,1,0,0,0
1703,T,0,5,0,0
1704,G,0,0,10,0
1705,A,3,0,0,0
1706,T,0,18,0,0
1707,C,0,0,15,0
1708,T,15,0,0,0
1709,G,0,7,0,0
1710,C,0,0,5,0
1711,C,8,0,0,0
1712,C,0,3,0,0
1713,A,0,0,8,0
1714,C,2,0,0,0
1715,C,0,3,0,0
1716,T,0,0,10,0
1717,T,15,0,0,0
1718,G,0,12,0,0
1719,G,0,0,10,0
1720,C,5,0,0,0
1721,C,0,7,0,0
1722,T,0,0,15,0
1723,C,20,0,0,0
1724,C,0,5,0,0
1725,C,0,0,2,0
1726,A,4,0,0,0
1727,A,0,1,0,0
1728,A,0,0,0,0
1729,G,9,0,0,0
1730,T,0,0,0,0
1731,G,0,0,1,0
1732,C,0,0,0,0
1733,T,0,4,0,0
1734,G,0,0,3,0
1735,G,2,0,0,0
1736,G,0,8,0,0
1737,A,0,0,3,0
1738,T,3,0,0,0
1739,T,0,1,0,0
1740,A,0,0,4,0
1741,C,3,0,0,0
1742,A,0,1,0,0
1743,G,0,0,4,0
1744,G,1,0,0,0
1745,T,0,0,0,0
1746,G,0,0,2,0
1747,T,0,0,0,0
1748,A,0,0,0,0
1749,A,0,0,0,0
1750,G,1,0,0,0
1751,C,0,1,0,0
1752,C,0,0,3,0
1753,A,0,0,0,0
1754,C,0,4,0,0
1755,T,0,0,5,0
1756,G,0,0,0,0
1757,C,0,0,0,0
1758,G,0,0,1,0
1759,C,0,0,0,0
1760,C,0,0,0,0
1761,C,0,0,0,0
1762,G,1,0,0,0
1763,G,0,0,0,0
1764,C,0,0,0,0
1765,C,0,0,0,0
1766,T,0,1,0,0
1767,T,0,0,0,0
1768,T,0,0,0,0
1769,T,0,1,0,0
1770,T,0,0,0,0
1771,A,0,0,0,0
1772,A,0,0,0,0
1773,C,0,0,0,0
1774,T,0,0,0,0
1775,T,0,0,0,0
1776,T,0,0,1,0
1777,A,2,0,0,0
1778,A,0,0,0,0
1779,A,0,0,0,0
1780,C,0,0,0,0
1781,A,0,0,0,0
1782,T,0,0,1,0
1783,G,4,0,0,0
1784,T,0,2,0,0
1785,T,0,0,0,0
1786,T,1,0,0,0
1787,T,0,2,0,0
1788,A,0,0,1,0
1789,G,0,0,0,0
1790,A,0,2,0,0
1791,A,0,0,0,0
1792,T,2,0,0,0
1793,T,0,0,0,0
1794,C,0,0,0,0
1795,A,0,0,0,0
1796,C,0,0,0,0
1797,C,0,0,0,0
1798,T,0,0,0,0
1799,A,0,0,0,0
1800,A,0,0,0,0
1801,A,0,0,0,0
1802,G,0,0,0,0
1803,A,0,0,0,0
1804,T,2,0,0,0
1805,C,0,1,0,0
1806,A,0,0,4,0
1807,A,2,0,0,0
1808,A,0,0,0,0
1809,A,0,0,0,0
1810,T,0,0,0,0
1811,A,0,0,0,0
1812,T,0,0,2,0
1813,C,0,0,0,0
1814,A,0,1,0,0
1815,T,0,0,1,0
1816,G,4,0,0,0
1817,G,0,8,0,0
1818,A,0,0,2,0
1819,T,1,0,0,0
1820,T,0,5,0,0
1821,G,0,0,1,0
1822,A,0,0,0,0
1823,A,0,1,0,0
1824,C,0,0,1,0
1825,C,1,0,0,0
1826,T,0,0,0,0
1827,C,0,0,1,0
1828,A,1,0,0,0
1829,T,0,3,0,0
1830,C,0,0,0,0
1831,A,1,0,0,0
1832,A,0,1,0,0
1833,T,0,0,1,0
1834,T,1,0,0,0
1835,G,0,2,0,0
1836,A,0,0,0,0
1837,T,0,0,0,0
1838,A,0,2,0,0
1839,G,0,0,3,0
1840,C,1,0,0,0
1841,A,0,3,0,0
1842,G,0,0,1,0
1843,T,1,0,0,0
1844,G,0,1,0,0
1845,A,0,0,0,0
1846,G,0,0,0,0
1847,T,0,0,0,0
1848,G,0,0,2,0
1849,A,1,0,0,0
1850,C,0,2,0,0
1851,T,0,0,3,0
1852,G,2,0,0,0
1853,A,0,12,0,0
1854,A,0,0,2,0
1855,G,1,0,0,0
1856,C,0,1,0,0
1857,T,0,0,3,0
1858,T,1,0,0,0
1859,C,0,2,0,0
1860,C,0,0,1,0
1861,A,0,0,0,0
1862,A,0,1,0,0
1863,A,0,0,1,0
1864,T,0,0,0,0
1865,C,0,1,0,0
1866,A,0,0,3,0
1867,A,1,0,0,0
1868,G,0,2,0,0
1869,A,0,0,1,0
1870,A,0,0,0,0
1871,A,0,2,0,0
1872,A,0,0,1,0
1873,G,1,0,0,0
1874,C,0,1,0,0
1875,C,0,0,5,0
1876,G,1,0,0,0
1877,G,0,0,0,0
1878,C,0,0,2,0
1879,A,2,0,0,0
1880,C,0,0,0,0
1881,C,0,0,0,0
1882,A,1,0,0,0
1883,A,0,1,0,0
1884,G,0,0,1,0
1885,A,3,0,0,0
1886,A,0,2,0,0
1887,C,0,0,7,0
1888,T,0,0,0,0
1889,T,0,1,0,0
1890,C,0,0,2,0
1891,C,2,0,0,0
1892,A,0,1,0,0
1893,T,0,0,1,0
1894,T,1,0,0,0
1895,C,0,0,0,0
1896,T,0,0,1,0
1897,A,1,0,0,0
1898,A,0,0,0,0
1899,T,0,0,0,0
1900,C,0,0,0,0
1901,T,0,1,0,0
1902,A,0,0,2,0
1903,G,1,0,0,0
1904,A,0,1,0,0
1905,G,0,0,0,0
1906,C,0,0,0,0
1907,T,0,0,0,0
1908,G,0,0,4,0
1909,A,3,0,0,0
1910,C,0,0,0,0
1911,C,0,0,2,0
1912,A,1,0,0,0
1913,G,0,0,0,0
1914,T,0,0,1,0
1915,T,0,0,0,0
1916,T,0,0,0,0
1917,G,0,0,1,0
1918,A,2,0,0,0
1919,G,0,0,0,0
1920,C,0,0,0,0
1921,T,0,0,0,0
1922,G,0,1,0,0
1923,A,0,0,0,0
1924,T,0,0,0,0
1925,T,0,0,0,0
1926,C,0,0,1,0
1927,T,0,0,0,0
1928,C,0,0,0,0
1929,T,0,0,2,0
1930,C,0,0,0,0
1931,T,0,0,0,0
1932,T,0,0,0,0
1933,T,0,0,0,0
1934,G,0,0,0,0
1935,A,0,0,1,0
1936,A,0,0,0,0
1937,G,0,0,0,0
1938,A,0,0,0,0
1939,G,0,0,0,0
1940,T,0,1,0,0
1941,C,0,0,0,0
1942,C,0,0,0,0
1943,T,0,0,0,0
1944,T,0,0,0,0
1945,C,1,0,0,0
1946,T,0,2,0,0
1947,T,0,0,1,0
1948,G,1,0,0,0
1949,A,0,0,0,0
1950,T,0,0,0,0
1951,T,0,0,0,0
1952,G,0,0,0,0
1953,C,0,0,0,0
1954,A,0,0,0,0
1955,G,0,0,0,0
1956,T,0,0,3,0
1957,G,0,0,0,0
1958,C,0,3,0,0
1959,A,0,0,0,0
1960,G,1,0,0,0
1961,T,0,1,0,0
1962,A,0,0,0,0
1963,C,0,0,0,0
1964,T,0,0,0,0
1965,G,0,0,2,0
1966,G,0,0,0,0
1967,C,0,0,0,0
1968,A,0,0,1,0
1969,T,0,0,0,0
1970,T,0,0,0,0
1971,T,0,0,0,0
1972,C,0,0,0,0
1973,T,0,0,0,0
1974,G,0,0,0,0
1975,A,0,0,0,0
1976,A,0,1,0,0
1977,T,0,0,0,0
1978,G,2,0,0,0
1979,G,0,9,0,0
1980,A,0,0,0,0
1981,T,0,0,0,0
1982,G,0,0,0,0
1983,T,0,0,1,0
1984,A,0,0,0,0
1985,A,0,0,0,0
1986,G,0,0,0,0
1987,T,0,0,0,0
1988,G,0,0,0,0
1989,G,0,0,0,0
1990,A,0,0,0,0
1991,G,0,0,0,0
1992,T,0,0,0,0
1993,A,0,0,0,0
1994,T,0,0,0,0
1995,T,0,0,0,0
1996,T,0,0,0,0
1997,T,0,1,0,0
1998,A,0,0,0,0
1999,G,0,0,0,0
2000,T,0,0,0,0
2001,C,0,0,0,0
2002,T,0,0,0,0
2003,A,0,0,0,0
2004,A,0,0,0,0
2005,A,0,0,0,0
2006,G,0,1,0,0
2007,G,0,0,0,0
2008,C,0,0,0,0
2009,T,0,0,0,0
2010,T,0,0,0,0
2011,T,0,0,0,0
2012,T,0,0,0,0
2013,C,0,0,0,0
2014,A,1,0,0,0
2015,A,0,0,0,0
2016,A,0,0,0,0
2017,T,0,0,0,0
2018,T,0,0,0,0
2019,A,0,0,0,0
2020,C,0,0,0,0
2021,T,0,0,0,0
2022,T,0,0,0,0
2023,G,0,0,0,0
2024,A,0,2,0,0
2025,A,0,0,0,0
2026,T,0,0,0,0
2027,T,0,0,0,0
2028,T,0,0,0,0
2029,T,0,0,0,0
2030,T,0,0,0,0
2031,T,0,0,0,0
2032,T,0,0,0,0
2033,A,0,0,0,0
2034,A,0,0,0,0
2035,A,0,0,0,0
2036,A,0,0,0,0
2037,A,0,0,0,0
2038,T,0,0,0,0
2039,T,0,0,0,0
2040,G,0,0,2,0
2041,A,1,0,0,0
2042,G,0,0,0,0
2043,G,0,0,0,0
2044,A,0,0,0,0
2045,G,0,0,0,0
2046,C,0,0,0,0
2047,T,0,0,0,0
2048,T,0,0,0,0
2049,T,0,0,0,0
2050,A,0,0,0,0
2051,T,0,0,0,0
2052,T,0,0,0,0
2053,T,0,0,0,0
2054,C,0,0,0,0
2055,T,0,0,0,0
2056,A,0,0,0,0
2057,T,0,0,0,0
2058,T,0,0,0,0
2059,T,0,0,0,0
2060,A,0,0,0,0
2061,C,0,0,0,0
2062,C,0,0,0,0
2063,C,0,0,0,0
2064,T,0,0,0,0
2065,T,0,0,0,0
2066,C,0,1,0,0
2067,C,0,0,0,0
2068,A,0,0,0,0
2069,T,0,0,0,0
2070,T,0,0,0,0
2071,T,0,0,0,0
2072,T,0,10,0,0
2073,T,0,0,0,0
2074,G,0,0,0,0
2075,T,0,0,0,0
2076,A,0,0,0,0
2077,T,0,0,0,0
2078,A,0,1,0,0
2079,T,0,0,0,0
2080,C,0,0,0,0
2081,A,0,0,0,0
2082,A,0,0,0,0
2083,A,2,0,0,0
2084,T,0,1,0,0
2085,T,0,0,0,0
2086,T,0,0,0,0
2087,C,0,0,0,0
2088,C,0,0,0,0
2089,A,0,0,0,0
2090,T,0,0,0,0
2091,T,0,0,0,0
2092,G,0,0,0,0
2093,T,0,0,0,0
2094,C,0,0,0,0
2095,A,0,0,0,0
2096,T,0,0,0,0
2097,T,0,0,0,0
2098,A,1,0,0,0
2099,A,0,5,0,0
2100,A,0,0,0,0
2101,A,0,0,0,0
2102,A,0,1,0,0
2103,C,0,0,1,0
2104,T,2,0,0,0
2105,G,0,1,0,0
2106,T,0,0,2,0
2107,A,3,0,0,0
2108,T,0,0,0,0
2109,C,0,0,0,0
2110,T,1,0,0,0
2111,T,0,0,0,0
2112,G,0,0,1,0
2113,A,3,0,0,0
2114,A,0,0,0,0
2115,A,0,0,0,0
2116,C,2,0,0,0
2117,T,0,0,0,0
2118,T,0,0,2,0
2119,T,0,0,0,0
2120,G,0,1,0,0
2121,T,0,0,0,0
2122,G,0,0,0,0
2123,A,0,6,0,0
2124,A,0,0,3,0
2125,C,0,0,0,0
2126,T,0,0,0,0
2127,G,0,0,0,0
2128,A,0,0,0,0
2129,C,0,1,0,0
2130,T,0,0,1,0
2131,T,1,0,0,0
2132,G,0,2,0,0
2133,C,0,0,1,0
2134,T,0,0,0,0
2135,G,0,1,0,0
2136,T,0,0,3,0
2137,A,0,0,0,0
2138,T,0,0,0,0
2139,T,0,0,0,0
2140,T,0,0,0,0
2141,G,0,6,0,0
2142,C,0,0,0,0
2143,A,0,0,0,0
2144,C,0,1,0,0
2145,T,0,0,5,0
2146,T,4,0,0,0
2147,T,0,0,0,0
2148,G,0,0,0,0
2149,A,2,0,0,0
2150,G,0,1,0,0
2151,C,0,0,1,0
2152,T,1,0,0,0
2153,C,0,2,0,0
2154,T,0,0,12,0
2155,T,1,0,0,0
2156,G,0,0,0,0
2157,A,0,0,0,0
2158,A,1,0,0,0
2159,A,0,0,0,0
2160,T,0,0,0,0
2161,A,1,0,0,0
2162,A,0,0,0,0
2163,A,0,0,1,0
2164,T,0,0,0,0
2165,G,0,1,0,0
2166,T,0,0,4,0
2167,G,5,0,0,0
2168,A,0,0,0,0
2169,T,0,0,2,0
2170,T,1,0,0,0
2171,T,0,1,0,0
2172,T,0,0,0,0
2173,T,0,0,0,0
2174,G,0,0,0,0
2175,T,0,0,0,0
2176,G,0,0,0,0
2177,T,0,0,0,0
2178,G,0,0,0,0
2179,A,1,0,0,0
2180,T,0,0,0,0
2181,T,0,0,1,0
2182,A,0,0,0,0
2183,T,0,0,0,0
2184,C,0,0,0,0
2185,T,0,0,0,0
2186,G,0,0,0,0
2187,G,0,0,0,0
2188,T,1,0,0,0
2189,T,0,0,0,0
2190,T,0,0,2,0
2191,C,0,0,0,0
2192,C,0,0,0,0
2193,A,0,0,0,0
2194,G,0,0,0,0
2195,T,0,0,0,0
2196,T,0,0,0,0
2197,T,0,0,0,0
2198,T,0,0,0,0
2199,A,0,0,0,0
2200,A,0,0,0,0
2201,A,0,0,0,0
2202,C,0,0,0,0
2203,A,0,0,0,0
2204,T,0,0,0,0
2205,T,0,0,0,0
2206,A,3,0,0,0
2207,A,0,0,0,0
2208,C,0,0,0,0
2209,T,0,0,0,0
2210,G,0,0,0,0
2211,T,0,0,0,0
2212,C,0,0,0,0
2213,A,0,1,0,0
2214,C,0,0,0,0
2215,C,0,0,0,0
2216,T,0,0,0,0
2217,T,0,0,2,0
2218,T,0,0,0,0
2219,T,0,0,0,0
2220,A,0,0,0,0
2221,T,0,0,0,0
2222,T,0,0,0,0
2223,C,0,0,0,0
2224,T,0,0,0,0
2225,T,0,0,0,0
2226,A,0,0,0,0
2227,A,0,0,0,0
2228,A,0,0,0,0
2229,C,0,0,0,0
2230,T,0,0,0,0
2231,T,0,0,0,0
2232,G,0,0,0,0
2233,A,0,0,0,0
2234,A,0,1,0,0
2235,A,0,0,0,0
2236,G,7,0,0,0
2237,T,0,0,0,0
2238,A,0,0,0,0
2239,C,2,0,0,0
2240,A,0,1,0,0
2241,G,0,0,2,0
2242,A,0,0,0,0
2243,A,0,0,0,0
2244,A,0,0,0,0
2245,T,0,0,0,0
2246,C,0,0,0,0
2247,A,0,0,0,0
2248,T,0,0,0,0
2249,T,0,0,0,0
2250,A,0,0,0,0
2251,A,1,0,0,0
2252,A,0,2,0,0
2253,T,0,0,1,0
2254,T,0,0,0,0
2255,A,0,0,0,0
2256,T,0,0,0,0
2257,T,0,0,0,0
2258,A,0,0,0,0
2259,A,0,0,0,0
2260,G,0,0,0,0
2261,T,0,0,0,0
2262,T,0,0,0,0
2263,G,0,0,0,0
2264,T,0,0,0,0
2265,A,0,0,0,0
2266,C,0,0,0,0
2267,A,0,0,0,0
2268,A,0,0,0,0
2269,T,0,0,0,0
